{
  "rigidBodies": [
    {
      "name": "bird",
      "imagePath": "sprites/bird-1.png",
      "origin": {
        "x": 0,
        "y": 0
      },
      "polygons": [
        [
          {
            "x": 0.05882352963089943,
            "y": 0.529411792755127
          },
          {
            "x": 0,
            "y": 0.3235294222831726
          },
          {
            "x": 0.11764705926179886,
            "y": 0.14705884456634521
          },
          {
            "x": 0.5,
            "y": 0.029411792755126953
          },
          {
            "x": 0.8529411554336548,
            "y": 0.08823531866073608
          }
        ],
        [
          {
            "x": 0.8529411554336548,
            "y": 0.08823531866073608
          },
          {
            "x": 0.970588207244873,
            "y": 0.29411765933036804
          },
          {
            "x": 0.8529411554336548,
            "y": 0.529411792755127
          },
          {
            "x": 0.6470588445663452,
            "y": 0.7058823704719543
          },
          {
            "x": 0.3529411852359772,
            "y": 0.7058823704719543
          },
          {
            "x": 0.05882352963089943,
            "y": 0.529411792755127
          }
        ]
      ],
      "circles": [],
      "shapes": [
        {
          "type": "POLYGON",
          "vertices": [
            {
              "x": 0.3529411852359772,
              "y": 0.7058823704719543
            },
            {
              "x": 0.6470588445663452,
              "y": 0.7058823704719543
            },
            {
              "x": 0.8529411554336548,
              "y": 0.529411792755127
            },
            {
              "x": 0.970588207244873,
              "y": 0.29411765933036804
            },
            {
              "x": 0.8529411554336548,
              "y": 0.08823531866073608
            },
            {
              "x": 0.5,
              "y": 0.029411792755126953
            },
            {
              "x": 0.11764705926179886,
              "y": 0.14705884456634521
            },
            {
              "x": 0,
              "y": 0.3235294222831726
            },
            {
              "x": 0.05882352963089943,
              "y": 0.529411792755127
            }
          ]
        }
      ]
    }
  ],
  "dynamicObjects": []
}